-- ============================================================
-- SEED DATA - Distrimas SC
-- Ejecutar en Supabase: SQL Editor → pegar y Run
-- ============================================================

-- 1. PERFILES
INSERT INTO perfiles (id, nombre, descripcion, permisos) VALUES
  ('1f73c3bb-4043-4e76-bb89-cea328637e1b', 'Administrador', 'Acceso completo al sistema', '{
    "dashboard": true, "pedidos": true, "clientes": true,
    "inventario": true, "usuarios": true, "perfiles": true, "estadisticas": true
  }'),
  ('a2e5f1cc-1234-4b87-aa12-ddb439748e2c', 'Vendedor', 'Gestion de pedidos y clientes', '{
    "dashboard": true, "pedidos": true, "clientes": true,
    "inventario": true, "usuarios": false, "perfiles": false, "estadisticas": false
  }')
ON CONFLICT (id) DO UPDATE SET
  nombre = EXCLUDED.nombre,
  descripcion = EXCLUDED.descripcion,
  permisos = EXCLUDED.permisos;

-- 2. USUARIOS (vendedores de prueba)
INSERT INTO usuarios (id, nombre, documento, telefono, usuario, password_hash, perfil_id, activo, primer_ingreso) VALUES
  ('2b97cd6b-00c1-468f-ae8b-778e02371d2e', 'Administrador', '1000000001', '3001234567', 'admin', 'admin123', '1f73c3bb-4043-4e76-bb89-cea328637e1b', true, false),
  ('3c86d2ee-2345-4c98-bb23-eec540859f3d', 'Carlos Perez', '1000000002', '3109876543', 'carlos', 'vendedor123', 'a2e5f1cc-1234-4b87-aa12-ddb439748e2c', true, false),
  ('4d97e3ff-3456-4da9-cc34-ffd651960a4e', 'Maria Lopez', '1000000003', '3207654321', 'maria', 'vendedor123', 'a2e5f1cc-1234-4b87-aa12-ddb439748e2c', true, false)
ON CONFLICT (id) DO UPDATE SET
  nombre = EXCLUDED.nombre,
  documento = EXCLUDED.documento,
  telefono = EXCLUDED.telefono,
  perfil_id = EXCLUDED.perfil_id,
  activo = EXCLUDED.activo;

-- 3. CLIENTES
INSERT INTO clientes (id, codigo, nombre, municipio, barrio, direccion, telefono, activo) VALUES
  ('c1000001-0000-0000-0000-000000000001', 'CLI-001', 'Tienda La Esquina', 'Bucaramanga', 'La Concordia', 'Cra 15 # 23-10', '3151234001', true),
  ('c1000001-0000-0000-0000-000000000002', 'CLI-002', 'Supermercado El Paisa', 'Bucaramanga', 'San Francisco', 'Cl 45 # 12-30', '3151234002', true),
  ('c1000001-0000-0000-0000-000000000003', 'CLI-003', 'Minimercado Central', 'Floridablanca', 'Centro', 'Cra 7 # 5-20', '3151234003', true),
  ('c1000001-0000-0000-0000-000000000004', 'CLI-004', 'Tienda Don Jorge', 'Piedecuesta', 'La Palma', 'Cl 10 # 8-15', '3151234004', true),
  ('c1000001-0000-0000-0000-000000000005', 'CLI-005', 'Abarrotes La 40', 'Bucaramanga', 'La 40', 'Cra 40 # 50-60', '3151234005', true),
  ('c1000001-0000-0000-0000-000000000006', 'CLI-006', 'Cigarreria El Parque', 'Giron', 'El Centro', 'Cl 20 # 15-05', '3151234006', true),
  ('c1000001-0000-0000-0000-000000000007', 'CLI-007', 'Tienda La Victoria', 'Bucaramanga', 'La Victoria', 'Cra 22 # 31-40', '3151234007', true),
  ('c1000001-0000-0000-0000-000000000008', 'CLI-008', 'Supermercado Rapi', 'Floridablanca', 'Bello Horizonte', 'Cl 6 # 3-50', '3151234008', true),
  ('c1000001-0000-0000-0000-000000000009', 'CLI-009', 'Tienda El Progreso', 'Piedecuesta', 'Pueblo Nuevo', 'Cra 5 # 12-22', '3151234009', false),
  ('c1000001-0000-0000-0000-000000000010', 'CLI-010', 'Despensa La Mejor', 'Bucaramanga', 'Cabecera', 'Cl 52 # 34-18', '3151234010', true)
ON CONFLICT (id) DO NOTHING;

-- 4. PRODUCTOS
INSERT INTO productos (id, codigo, nombre, descripcion, unidad, precio, stock, stock_minimo, activo) VALUES
  ('a1000001-0000-0000-0000-000000000001', 'PRD-001', 'Aceite Girasol 1L',     'Aceite vegetal de girasol botella 1L',   'Und', 12500,  80,  20, true),
  ('a1000001-0000-0000-0000-000000000002', 'PRD-002', 'Arroz Diana 5kg',       'Arroz blanco premium bulto 5kg',         'Blt', 23000, 150,  30, true),
  ('a1000001-0000-0000-0000-000000000003', 'PRD-003', 'Azucar Manuelita 2kg',  'Azucar blanca refinada 2kg',             'Und', 8500,  200,  40, true),
  ('a1000001-0000-0000-0000-000000000004', 'PRD-004', 'Frijol Cargamanto 500g','Frijol cargamanto x 500g',               'Und', 5800,    7,  15, true),
  ('a1000001-0000-0000-0000-000000000005', 'PRD-005', 'Lenteja x 500g',        'Lenteja verde x 500g',                   'Und', 4200,   25,  15, true),
  ('a1000001-0000-0000-0000-000000000006', 'PRD-006', 'Sal Marina 1kg',        'Sal refinada yodada 1kg',                'Und', 2100,  300,  50, true),
  ('a1000001-0000-0000-0000-000000000007', 'PRD-007', 'Pasta Doria 500g',      'Espagueti # 16 x 500g',                  'Und', 3600,  120,  30, true),
  ('a1000001-0000-0000-0000-000000000008', 'PRD-008', 'Cafe Colcafe 200g',     'Cafe soluble instantaneo x 200g',        'Und', 18900,   8,  10, true),
  ('a1000001-0000-0000-0000-000000000009', 'PRD-009', 'Panela x 500g',         'Panela molida x 500g',                   'Und', 3200,  180,  40, true),
  ('a1000001-0000-0000-0000-000000000010', 'PRD-010', 'Atun Van Camps 170g',   'Atun en agua lata 170g',                 'Und', 5400,  250,  50, true),
  ('a1000001-0000-0000-0000-000000000011', 'PRD-011', 'Sardinas Isabelita',    'Sardinas en salsa tomate 425g',          'Und', 6200,   45,  20, true),
  ('a1000001-0000-0000-0000-000000000012', 'PRD-012', 'Leche Alqueria 1L',     'Leche entera caja 1L',                   'Cja', 3800,    5,  20, true),
  ('a1000001-0000-0000-0000-000000000013', 'PRD-013', 'Chocolate Corona 250g', 'Chocolate en polvo x 250g',              'Und', 7200,   60,  15, true),
  ('a1000001-0000-0000-0000-000000000014', 'PRD-014', 'Jabon Rey 250g',        'Jabon en barra multiusos 250g',          'Und', 2800,  400,  80, true),
  ('a1000001-0000-0000-0000-000000000015', 'PRD-015', 'Detergente Fab 1kg',    'Detergente en polvo x 1kg',              'Und', 9500,   35,  25, true)
ON CONFLICT (id) DO NOTHING;

-- 5. PEDIDOS
INSERT INTO pedidos (id, cliente_id, usuario_id, estado, observaciones, total, created_at) VALUES
  ('e1000001-0000-0000-0000-000000000001', 'c1000001-0000-0000-0000-000000000001', '3c86d2ee-2345-4c98-bb23-eec540859f3d', 'entregado',  'Entrega normal',          156800, NOW() - INTERVAL '20 days'),
  ('e1000001-0000-0000-0000-000000000002', 'c1000001-0000-0000-0000-000000000002', '3c86d2ee-2345-4c98-bb23-eec540859f3d', 'entregado',  'Cliente nuevo',           98400,  NOW() - INTERVAL '15 days'),
  ('e1000001-0000-0000-0000-000000000003', 'c1000001-0000-0000-0000-000000000003', '4d97e3ff-3456-4da9-cc34-ffd651960a4e', 'entregado',  '',                        215000, NOW() - INTERVAL '12 days'),
  ('e1000001-0000-0000-0000-000000000004', 'c1000001-0000-0000-0000-000000000004', '4d97e3ff-3456-4da9-cc34-ffd651960a4e', 'confirmado', 'Entregar manana',         87600,  NOW() - INTERVAL '5 days'),
  ('e1000001-0000-0000-0000-000000000005', 'c1000001-0000-0000-0000-000000000005', '3c86d2ee-2345-4c98-bb23-eec540859f3d', 'confirmado', '',                        132000, NOW() - INTERVAL '3 days'),
  ('e1000001-0000-0000-0000-000000000006', 'c1000001-0000-0000-0000-000000000006', '3c86d2ee-2345-4c98-bb23-eec540859f3d', 'borrador',   'Pendiente confirmar',     64500,  NOW() - INTERVAL '1 day'),
  ('e1000001-0000-0000-0000-000000000007', 'c1000001-0000-0000-0000-000000000007', '4d97e3ff-3456-4da9-cc34-ffd651960a4e', 'entregado',  '',                        178900, NOW() - INTERVAL '8 days'),
  ('e1000001-0000-0000-0000-000000000008', 'c1000001-0000-0000-0000-000000000008', '4d97e3ff-3456-4da9-cc34-ffd651960a4e', 'confirmado', 'Pedido urgente',          245000, NOW() - INTERVAL '2 days'),
  ('e1000001-0000-0000-0000-000000000009', 'c1000001-0000-0000-0000-000000000001', '3c86d2ee-2345-4c98-bb23-eec540859f3d', 'confirmado', '',                        93200,  NOW() - INTERVAL '1 day'),
  ('e1000001-0000-0000-0000-000000000010', 'c1000001-0000-0000-0000-000000000010', '2b97cd6b-00c1-468f-ae8b-778e02371d2e', 'borrador',   'Pedido del admin',        310000, NOW())
ON CONFLICT (id) DO NOTHING;

-- 6. ITEMS DE PEDIDOS
INSERT INTO pedido_items (id, pedido_id, producto_id, cantidad, precio_unitario) VALUES
  -- Pedido 1
  ('b1000001-0000-0000-0000-000000000001', 'e1000001-0000-0000-0000-000000000001', 'a1000001-0000-0000-0000-000000000002', 4, 23000),
  ('b1000001-0000-0000-0000-000000000002', 'e1000001-0000-0000-0000-000000000001', 'a1000001-0000-0000-0000-000000000003', 3, 8500),
  ('b1000001-0000-0000-0000-000000000003', 'e1000001-0000-0000-0000-000000000001', 'a1000001-0000-0000-0000-000000000006', 5, 2100),
  -- Pedido 2
  ('b1000001-0000-0000-0000-000000000004', 'e1000001-0000-0000-0000-000000000002', 'a1000001-0000-0000-0000-000000000001', 3, 12500),
  ('b1000001-0000-0000-0000-000000000005', 'e1000001-0000-0000-0000-000000000002', 'a1000001-0000-0000-0000-000000000007', 5, 3600),
  ('b1000001-0000-0000-0000-000000000006', 'e1000001-0000-0000-0000-000000000002', 'a1000001-0000-0000-0000-000000000010', 8, 5400),
  -- Pedido 3
  ('b1000001-0000-0000-0000-000000000007', 'e1000001-0000-0000-0000-000000000003', 'a1000001-0000-0000-0000-000000000002', 5, 23000),
  ('b1000001-0000-0000-0000-000000000008', 'e1000001-0000-0000-0000-000000000003', 'a1000001-0000-0000-0000-000000000009', 10, 3200),
  ('b1000001-0000-0000-0000-000000000009', 'e1000001-0000-0000-0000-000000000003', 'a1000001-0000-0000-0000-000000000014', 10, 2800),
  -- Pedido 4
  ('b1000001-0000-0000-0000-000000000010', 'e1000001-0000-0000-0000-000000000004', 'a1000001-0000-0000-0000-000000000005', 5, 4200),
  ('b1000001-0000-0000-0000-000000000011', 'e1000001-0000-0000-0000-000000000004', 'a1000001-0000-0000-0000-000000000011', 4, 6200),
  ('b1000001-0000-0000-0000-000000000012', 'e1000001-0000-0000-0000-000000000004', 'a1000001-0000-0000-0000-000000000013', 3, 7200),
  -- Pedido 5
  ('b1000001-0000-0000-0000-000000000013', 'e1000001-0000-0000-0000-000000000005', 'a1000001-0000-0000-0000-000000000001', 4, 12500),
  ('b1000001-0000-0000-0000-000000000014', 'e1000001-0000-0000-0000-000000000005', 'a1000001-0000-0000-0000-000000000003', 5, 8500),
  -- Pedido 6
  ('b1000001-0000-0000-0000-000000000015', 'e1000001-0000-0000-0000-000000000006', 'a1000001-0000-0000-0000-000000000007', 8, 3600),
  ('b1000001-0000-0000-0000-000000000016', 'e1000001-0000-0000-0000-000000000006', 'a1000001-0000-0000-0000-000000000015', 2, 9500),
  -- Pedido 7
  ('b1000001-0000-0000-0000-000000000017', 'e1000001-0000-0000-0000-000000000007', 'a1000001-0000-0000-0000-000000000002', 3, 23000),
  ('b1000001-0000-0000-0000-000000000018', 'e1000001-0000-0000-0000-000000000007', 'a1000001-0000-0000-0000-000000000008', 2, 18900),
  ('b1000001-0000-0000-0000-000000000019', 'e1000001-0000-0000-0000-000000000007', 'a1000001-0000-0000-0000-000000000010', 9, 5400),
  -- Pedido 8
  ('b1000001-0000-0000-0000-000000000020', 'e1000001-0000-0000-0000-000000000008', 'a1000001-0000-0000-0000-000000000003', 8, 8500),
  ('b1000001-0000-0000-0000-000000000021', 'e1000001-0000-0000-0000-000000000008', 'a1000001-0000-0000-0000-000000000002', 5, 23000),
  ('b1000001-0000-0000-0000-000000000022', 'e1000001-0000-0000-0000-000000000008', 'a1000001-0000-0000-0000-000000000014', 5, 2800),
  -- Pedido 9
  ('b1000001-0000-0000-0000-000000000023', 'e1000001-0000-0000-0000-000000000009', 'a1000001-0000-0000-0000-000000000010', 10, 5400),
  ('b1000001-0000-0000-0000-000000000024', 'e1000001-0000-0000-0000-000000000009', 'a1000001-0000-0000-0000-000000000006', 8, 2100),
  -- Pedido 10
  ('b1000001-0000-0000-0000-000000000025', 'e1000001-0000-0000-0000-000000000010', 'a1000001-0000-0000-0000-000000000002', 6, 23000),
  ('b1000001-0000-0000-0000-000000000026', 'e1000001-0000-0000-0000-000000000010', 'a1000001-0000-0000-0000-000000000001', 5, 12500),
  ('b1000001-0000-0000-0000-000000000027', 'e1000001-0000-0000-0000-000000000010', 'a1000001-0000-0000-0000-000000000015', 4, 9500)
ON CONFLICT (id) DO NOTHING;
